[
  {"name":"儋州市","code":"1301","total":3,"riskRating":1,"inflow":2.58,"outflow":1.13,"risk":0,"highRisk":0,"Detection":2316,"illegal":6},
  {"name":"文昌市","code":"1302","total":0,"riskRating":2,"inflow":1.27,"outflow":5.55,"risk":0,"highRisk":0,"Detection":1145,"illegal":6},
  {"name":"乐东县","code":"1303","total":0,"riskRating":3,"inflow":0.39,"outflow":0.17,"risk":0,"highRisk":0,"Detection":354,"illegal":6},
  {"name":"三亚市","code":"1304","total":16,"riskRating":4,"inflow":0.65,"outflow":0.28,"risk":0,"highRisk":0,"Detection":1408,"illegal":6},
  {"name":"琼中县","code":"1305","total":0,"riskRating":5,"inflow":0.77,"outflow":0.33,"risk":0,"highRisk":0,"Detection":1739,"illegal":6},
  {"name":"东方市","code":"1306","total":0,"riskRating":1,"inflow":0.51,"outflow":0.22,"risk":0,"highRisk":0,"Detection":1162,"illegal":6},
  {"name":"海口市","code":"1307","total":63,"riskRating":2,"inflow":8.97,"outflow":3.93,"risk":4,"highRisk":1,"Detection":20222,"illegal":6},
  {"name":"万宁市","code":"1308","total":1,"riskRating":3,"inflow":0.11,"outflow":0.06,"risk":0,"highRisk":0,"Detection":260,"illegal":6},
  {"name":"澄迈县","code":"1309","total":1,"riskRating":4,"inflow":1.76,"outflow":0.77,"risk":0,"highRisk":0,"Detection":3971,"illegal":6},
  {"name":"白沙县","code":"1310","total":0,"riskRating":5,"inflow":0.06,"outflow":0.02,"risk":0,"highRisk":0,"Detection":137,"illegal":6},
  {"name":"琼海市","code":"1311","total":0,"riskRating":5,"inflow":0.6,"outflow":0.24,"risk":0,"highRisk":0,"Detection":1413,"illegal":6},
  {"name":"昌江县","code":"1312","total":0,"riskRating":1,"inflow":0.5,"outflow":0.22,"risk":0,"highRisk":0,"Detection":372,"illegal":6},
  {"name":"临高县","code":"1313","total":0,"riskRating":2,"inflow":0.23,"outflow":0.11,"risk":0,"highRisk":0,"Detection":535,"illegal":6},
  {"name":"陵水县","code":"1314","total":0,"riskRating":3,"inflow":0.11,"outflow":0.05,"risk":0,"highRisk":0,"Detection":269,"illegal":6},
  {"name":"屯昌县","code":"1315","total":0,"riskRating":4,"inflow":0.09,"outflow":0.04,"risk":0,"highRisk":0,"Detection":210,"illegal":6},
  {"name":"定安县","code":"1316","total":0,"riskRating":5,"inflow":0.06,"outflow":0.27,"risk":0,"highRisk":0,"Detection":141,"illegal":6},
  {"name":"保亭县","code":"1317","total":0,"riskRating":1,"inflow":0.07,"outflow":0.03,"risk":0,"highRisk":0,"Detection":159,"illegal":6},
  {"name":"五指山市","code":"1318","total":0,"riskRating":2,"inflow":0.16,"outflow":0.07,"risk":0,"highRisk":0,"Detection":148,"illegal":6}
  ]